Record ID#,Spacecraft Name,Similarity %,GS Spacecraft,Date,Vehicle Name,Launch Site,Remark,Country,Market Segment,Operator,Prime Manufacturer,Equipment,Configuration,Propulsion,Power,Design Life,Mass,Cospar
136,YAM 5,100.0,YAM 5,01/03/2023,Falcon-9 v1.2 (Block 5),CC SLC-40,,USA,Technology,Loft Orbital,Loft Orbital (payload hub); LeoStella (bus),see above,LeoStella bus,None,"Deployable fixed solar arrays, solar cells, batteries",,83 kg,2023-001BV
75,Lynk Tower 03,90.0,Lynk Tower 03 (Lynk 08),01/03/2023,Falcon-9 v1.2 (Block 5),CC SLC-40,,USA,Communications,Lynk Global Inc.,Lynk Global Inc.,,,,"solar cells, batteries",,,2023-001AP
76,Lynk Tower 04,90.0,Lynk Tower 04 (Lynk 09),01/03/2023,Falcon-9 v1.2 (Block 5),CC SLC-40,,USA,Communications,Lynk Global Inc.,Lynk Global Inc.,,,,"solar cells, batteries",,,2023-001AB
126,Umbra SAR 4,96.0,Umbra-SAR 04,01/03/2023,Falcon-9 v1.2 (Block 5),CC SLC-40,,USA,"Earth observation, radar",Umbra Lab,Umbra Lab,X-band SAR,,None,"Solar cells, batteries",,65 kg,2023-001AT
127,Umbra SAR 5,96.0,Umbra-SAR 05,01/03/2023,Falcon-9 v1.2 (Block 5),CC SLC-40,,USA,"Earth observation, radar",Umbra Lab,Umbra Lab,X-band SAR,,None,"Solar cells, batteries",,65 kg,2023-001AD
15,EOS-SAT 1,90.0,EOS-SAT 1 (EOS Agrisat-1),01/03/2023,Falcon-9 v1.2 (Block 5),CC SLC-40,,South Africa,Earth observation,Dragonfly Aerospace,Dragonfly Aerospace,2 × Dragoneye imagers,µDragonfly bus,,"Solar cells, batteries",,178 kg,2023-001AW
59,ICEYE X21,100.0,ICEYE X21,01/03/2023,Falcon-9 v1.2 (Block 5),CC SLC-40,,"Finland, USA (#10, 17, 24)","Earth observation, Radar",ICEYE,ICEYE,X-band SAR,,?,"2 deployable solar arrays, batteries",,,2023-001AS
60,ICEYE X22,100.0,ICEYE X22,01/03/2023,Falcon-9 v1.2 (Block 5),CC SLC-40,,"Finland, USA (#10, 17, 24)","Earth observation, Radar",ICEYE,ICEYE,X-band SAR,,?,"2 deployable solar arrays, batteries",,,2023-001
61,ICEYE X27,100.0,ICEYE X27,01/03/2023,Falcon-9 v1.2 (Block 5),CC SLC-40,,"Finland, USA (#10, 17, 24)","Earth observation, Radar",ICEYE,ICEYE,X-band SAR,,?,"2 deployable solar arrays, batteries",,,2023-001BF
3,Amber IOD-3 (Amber - 1),86.0,"ÑuSat 32 (NewSat 32, Aleph-1 32, Albania 1)",01/03/2023,Falcon-9 v1.2 (Block 5),CC SLC-40,,Argentina,Earth observation,Satellogic S.A.,Satellogic S.A.,"Imaging payload (all), LUSEX U/V linear transponder payload (#1)",,None,"Solar cells, batteries",3-4 years,37.5 kg; 41 kg (#9-18),2023-001BH
3,Amber IOD-3 (Amber - 1),86.0,"ÑuSat 33 (NewSat 35, Aleph-1 33, Albania 2)",01/03/2023,Falcon-9 v1.2 (Block 5),CC SLC-40,,Argentina,Earth observation,Satellogic S.A.,Satellogic S.A.,"Imaging payload (all), LUSEX U/V linear transponder payload (#1)",,None,"Solar cells, batteries",3-4 years,37.5 kg; 41 kg (#9-18),2023-001AQ
3,Amber IOD-3 (Amber - 1),86.0,"ÑuSat 34 (NewSat 34, Aleph-1 34, Amelia Earhart)",01/03/2023,Falcon-9 v1.2 (Block 5),CC SLC-40,,Argentina,Earth observation,Satellogic S.A.,Satellogic S.A.,"Imaging payload (all), LUSEX U/V linear transponder payload (#1)",,None,"Solar cells, batteries",3-4 years,37.5 kg; 41 kg (#9-18),2023-001AN
3,Amber IOD-3 (Amber - 1),86.0,"ÑuSat 35 (NewSat 35, Aleph-1 35, Williamina Fleming)",01/03/2023,Falcon-9 v1.2 (Block 5),CC SLC-40,,Argentina,Earth observation,Satellogic S.A.,Satellogic S.A.,"Imaging payload (all), LUSEX U/V linear transponder payload (#1)",,None,"Solar cells, batteries",3-4 years,37.5 kg; 41 kg (#9-18),2023-001AR
108,Skykraft Deployer 1_x000D_,89.0,Skykraft Deployer 1,01/03/2023,Falcon-9 v1.2 (Block 5),CC SLC-40,,Australia,Satellite deployment,Skykraft,Skykraft,,,?,"Solar array, batteries",,,2023-001AJ
104,SkyKraft 1,100.0,Skykraft 1,01/03/2023,Falcon-9 v1.2 (Block 5),CC SLC-40,,Australia,Communication,Skykraft,Skykraft,"ADS-B receiver, VHS communications payload",,,"Solar array, batteries",,,2023-001AX
105,SkyKraft 2,100.0,Skykraft 2,01/03/2023,Falcon-9 v1.2 (Block 5),CC SLC-40,,Australia,Communication,Skykraft,Skykraft,"ADS-B receiver, VHS communications payload",,,"Solar array, batteries",,,
106,SkyKraft 3,100.0,Skykraft 3,01/03/2023,Falcon-9 v1.2 (Block 5),CC SLC-40,,Australia,Communication,Skykraft,Skykraft,"ADS-B receiver, VHS communications payload",,,"Solar array, batteries",,,
107,SkyKraft 4,100.0,Skykraft 4,01/03/2023,Falcon-9 v1.2 (Block 5),CC SLC-40,,Australia,Communication,Skykraft,Skykraft,"ADS-B receiver, VHS communications payload",,,"Solar array, batteries",,,
10,Chimera LEO-1_x000D_,90.0,Chimera LEO-1,01/03/2023,Falcon-9 v1.2 (Block 5),CC SLC-40,,USA,Satellite deployment,Epic Aerospace,Epic Aerospace,CubeSat deployers,,,Batteries,,,2023-001
64,ION SCV 007,90.0,ION-SCV 007 (Glorious Gratia),01/03/2023,Falcon-9 v1.2 (Block 5),CC SLC-40,,Italy,Satellite deployment,D-Orbit,D-Orbit,CubeSat deployers,ION mk02 platform,?,"Solar cells, batteries",,,2023-001BD
65,ION SCV 008,90.0,ION-SCV 008 (Fierce Franciscus),01/03/2023,Falcon-9 v1.2 (Block 5),CC SLC-40,,Italy,Satellite deployment,D-Orbit,D-Orbit,CubeSat deployers,ION mk02 platform,?,"Solar cells, batteries",,,2023-001AU
7,Astrocast 0404,93.0,Astrocast 0401,01/03/2023,Falcon-9 v1.2 (Block 5),CC SLC-40,,Switzerland,Communication M2M/IoT,Astrocast SA (formerly ELSE SA),,,CubeSat (3U),?,"2 deployable solar arrays, batteries",,5 kg,2023-001
7,Astrocast 0404,93.0,Astrocast 0402,01/03/2023,Falcon-9 v1.2 (Block 5),CC SLC-40,,Switzerland,Communication M2M/IoT,Astrocast SA (formerly ELSE SA),,,CubeSat (3U),?,"2 deployable solar arrays, batteries",,5 kg,2023-001
7,Astrocast 0404,93.0,Astrocast 0403,01/03/2023,Falcon-9 v1.2 (Block 5),CC SLC-40,,Switzerland,Communication M2M/IoT,Astrocast SA (formerly ELSE SA),,,CubeSat (3U),?,"2 deployable solar arrays, batteries",,5 kg,2023-001
7,Astrocast 0404,100.0,Astrocast 0404,01/03/2023,Falcon-9 v1.2 (Block 5),CC SLC-40,,Switzerland,Communication M2M/IoT,Astrocast SA (formerly ELSE SA),,,CubeSat (3U),?,"2 deployable solar arrays, batteries",,5 kg,2023-001
55,Futura SM1_x000D_,90.0,Futura SM1,01/03/2023,Falcon-9 v1.2 (Block 5),CC SLC-40,,Italy,Technology,SpaceMind,SpaceMind,,CubeSat (3U),None,"Solar cells, batteries",,,2023-001DA
56,Futura SM3_x000D_,90.0,Futura SM3,01/03/2023,Falcon-9 v1.2 (Block 5),CC SLC-40,,Italy,Technology,SpaceMind,SpaceMind,,CubeSat (6U),None,"Solar cells, batteries",,,2023-001DB
67,Kelpie 1,90.0,Kelpie 1 (AAC-AIS-SAT 1),01/03/2023,Falcon-9 v1.2 (Block 5),CC SLC-40,,Sweden,Traffic monitoring,AAC Clyde Space for Orbcomm,AAC Clyde Space,AIS-receiver,CubeSat (3U),,"3 deployable fixed solar arrays, batteries",,,2023-001DC
102,Sharjah-Sat 1_x000D_,90.0,Sharjah-Sat 1,01/03/2023,Falcon-9 v1.2 (Block 5),CC SLC-40,,UAE,Technology,,,,CubeSat (3U),None,"Solar cells, batteries",,,2023-001CZ
123,Tau-Sat 2,100.0,TAU-SAT 2,01/03/2023,Falcon-9 v1.2 (Block 5),CC SLC-40,,Israel,"Technology, education",Tel Aviv University,Tel Aviv University,?,CubeSat (3U),None,"Solar cells, batteries",,,2023-001BS
89,Orbiter Tug 1 (Orbiter SN1),90.0,Orbiter SN1,01/03/2023,Falcon-9 v1.2 (Block 5),CC SLC-40,,USA,Satellite deployment,Launcher,Launcher,CubeSat deployers,,?,"Solar cells, batteries",,,2023-001
77,MDQube Sat 1A,86.0,MDQSAT 1A (Juana Azurduy),01/03/2023,Falcon-9 v1.2 (Block 5),CC SLC-40,,Argentina,Technology,Innova Space,Innova Space,,CubeSat (0.5U),None,"Solar cells, batteries",,,2023-001
78,MDQube Sat 1B,86.0,MDQSAT 1B (Simón Bolivar),01/03/2023,Falcon-9 v1.2 (Block 5),CC SLC-40,,Argentina,Technology,Innova Space,Innova Space,,CubeSat (0.5U),None,"Solar cells, batteries",,,2023-001
97,Sapling 1,90.0,Sapling 1 (Sapling Sempervirens),01/03/2023,Falcon-9 v1.2 (Block 5),CC SLC-40,,USA,Technology,Stanford University,Stanford University,,CubeSat (1U),None,"Solar cells, batteries",,1.75 kg,2023-001
128,Unicorn 2G_x000D_,90.0,Unicorn 2G,01/03/2023,Falcon-9 v1.2 (Block 5),CC SLC-40,,UK,Technology,Alba Orbital,Alba Orbital,,PocketQube (3P),None,"Solar cells, batteries",45 days,< 1 kg,2023-001
129,Unicorn 2H_x000D_,90.0,Unicorn 2H,01/03/2023,Falcon-9 v1.2 (Block 5),CC SLC-40,,UK,Technology,Alba Orbital,Alba Orbital,,PocketQube (3P),None,"Solar cells, batteries",45 days,< 1 kg,2023-001
130,Vigoride 5,100.0,Vigoride 5,01/03/2023,Falcon-9 v1.2 (Block 5),CC SLC-40,,USA,Satellite deployment,Momentus,Momentus,CubeSat deployers,,Water based microwave electrothermal thrusters,"Solar cells, batteries",,,2023-001AZ
137,ZEUS 1_x000D_,90.0,ZEUS 1,01/03/2023,Falcon-9 v1.2 (Block 5),CC SLC-40,,Singapore,Technology,Qosmosys,Qosmosys,,CubeSat (3U),,"Solar arrays, batteries",,,2023-001
8158,Kleos s/c #66,100.0,KSF 3A,01/03/2023,Falcon-9 v1.2 (Block 5),CC SLC-40,,Luxembourg,"RF spectrum monitoring, SIGINT, Traffic monitoring",Kleos Space,ISISpace,,CubeSat (6U),,"Solar cells, batteries",,,2023-001CF
8159,Kleos s/c #67,100.0,KSF 3B,01/03/2023,Falcon-9 v1.2 (Block 5),CC SLC-40,,Luxembourg,"RF spectrum monitoring, SIGINT, Traffic monitoring",Kleos Space,ISISpace,,CubeSat (6U),,"Solar cells, batteries",,,2023-001L
8160,Kleos s/c #68,100.0,KSF 3C,01/03/2023,Falcon-9 v1.2 (Block 5),CC SLC-40,,Luxembourg,"RF spectrum monitoring, SIGINT, Traffic monitoring",Kleos Space,ISISpace,,CubeSat (6U),,"Solar cells, batteries",,,2023-001K
8161,Kleos s/c #69,100.0,KSF 3D,01/03/2023,Falcon-9 v1.2 (Block 5),CC SLC-40,,Luxembourg,"RF spectrum monitoring, SIGINT, Traffic monitoring",Kleos Space,ISISpace,,CubeSat (6U),,"Solar cells, batteries",,,2023-001CE
18,Flock-4y 1,90.0,Flock-4y 1 (Dove 2415),01/03/2023,Falcon-9 v1.2 (Block 5),CC SLC-40,,USA,Technology,Planet Labs,Planet Labs,"PS0, PS1 or PS2 imaging payload",CubeSat (3U),None (most); FEEP (#Flock-3p'),"Solar cells, batteries",~ 1 year (ISS orbit); 2-3 years (SSO),5 kg,2023-001AG
29,Flock-4y 2,90.0,Flock-4y 2 (Dove 24A1),01/03/2023,Falcon-9 v1.2 (Block 5),CC SLC-40,,USA,Technology,Planet Labs,Planet Labs,"PS0, PS1 or PS2 imaging payload",CubeSat (3U),None (most); FEEP (#Flock-3p'),"Solar cells, batteries",~ 1 year (ISS orbit); 2-3 years (SSO),5 kg,2023-001BT
40,Flock-4y 3,90.0,Flock-4y 3 (Dove 242E),01/03/2023,Falcon-9 v1.2 (Block 5),CC SLC-40,,USA,Technology,Planet Labs,Planet Labs,"PS0, PS1 or PS2 imaging payload",CubeSat (3U),None (most); FEEP (#Flock-3p'),"Solar cells, batteries",~ 1 year (ISS orbit); 2-3 years (SSO),5 kg,2023-001AC
48,Flock-4y 4,90.0,Flock-4y 4 (Dove 24B0),01/03/2023,Falcon-9 v1.2 (Block 5),CC SLC-40,,USA,Technology,Planet Labs,Planet Labs,"PS0, PS1 or PS2 imaging payload",CubeSat (3U),None (most); FEEP (#Flock-3p'),"Solar cells, batteries",~ 1 year (ISS orbit); 2-3 years (SSO),5 kg,2023-001AY
49,Flock-4y 5,90.0,Flock-4y 5 (Dove 24B4),01/03/2023,Falcon-9 v1.2 (Block 5),CC SLC-40,,USA,Technology,Planet Labs,Planet Labs,"PS0, PS1 or PS2 imaging payload",CubeSat (3U),None (most); FEEP (#Flock-3p'),"Solar cells, batteries",~ 1 year (ISS orbit); 2-3 years (SSO),5 kg,2023-001V
50,Flock-4y 6,90.0,Flock-4y 6 (Dove 24AF),01/03/2023,Falcon-9 v1.2 (Block 5),CC SLC-40,,USA,Technology,Planet Labs,Planet Labs,"PS0, PS1 or PS2 imaging payload",CubeSat (3U),None (most); FEEP (#Flock-3p'),"Solar cells, batteries",~ 1 year (ISS orbit); 2-3 years (SSO),5 kg,2023-001BK
51,Flock-4y 7,90.0,Flock-4y 7 (Dove 2417),01/03/2023,Falcon-9 v1.2 (Block 5),CC SLC-40,,USA,Technology,Planet Labs,Planet Labs,"PS0, PS1 or PS2 imaging payload",CubeSat (3U),None (most); FEEP (#Flock-3p'),"Solar cells, batteries",~ 1 year (ISS orbit); 2-3 years (SSO),5 kg,2023-001Z
52,Flock-4y 8,90.0,Flock-4y 8 (Dove 24AB),01/03/2023,Falcon-9 v1.2 (Block 5),CC SLC-40,,USA,Technology,Planet Labs,Planet Labs,"PS0, PS1 or PS2 imaging payload",CubeSat (3U),None (most); FEEP (#Flock-3p'),"Solar cells, batteries",~ 1 year (ISS orbit); 2-3 years (SSO),5 kg,2023-001BQ
53,Flock-4y 9,90.0,Flock-4y 9 (Dove 24A8),01/03/2023,Falcon-9 v1.2 (Block 5),CC SLC-40,,USA,Technology,Planet Labs,Planet Labs,"PS0, PS1 or PS2 imaging payload",CubeSat (3U),None (most); FEEP (#Flock-3p'),"Solar cells, batteries",~ 1 year (ISS orbit); 2-3 years (SSO),5 kg,2023-001BN
18,Flock-4y 1,90.0,Flock-4y 10 (Dove 24C3),01/03/2023,Falcon-9 v1.2 (Block 5),CC SLC-40,,USA,Technology,Planet Labs,Planet Labs,"PS0, PS1 or PS2 imaging payload",CubeSat (3U),None (most); FEEP (#Flock-3p'),"Solar cells, batteries",~ 1 year (ISS orbit); 2-3 years (SSO),5 kg,2023-001W
18,Flock-4y 1,90.0,Flock-4y 11 (Dove 24A7),01/03/2023,Falcon-9 v1.2 (Block 5),CC SLC-40,,USA,Technology,Planet Labs,Planet Labs,"PS0, PS1 or PS2 imaging payload",CubeSat (3U),None (most); FEEP (#Flock-3p'),"Solar cells, batteries",~ 1 year (ISS orbit); 2-3 years (SSO),5 kg,2023-001AL
18,Flock-4y 1,90.0,Flock-4y 12 (Dove 24CF),01/03/2023,Falcon-9 v1.2 (Block 5),CC SLC-40,,USA,Technology,Planet Labs,Planet Labs,"PS0, PS1 or PS2 imaging payload",CubeSat (3U),None (most); FEEP (#Flock-3p'),"Solar cells, batteries",~ 1 year (ISS orbit); 2-3 years (SSO),5 kg,2023-001BJ
18,Flock-4y 1,90.0,Flock-4y 13 (Dove 24C7),01/03/2023,Falcon-9 v1.2 (Block 5),CC SLC-40,,USA,Technology,Planet Labs,Planet Labs,"PS0, PS1 or PS2 imaging payload",CubeSat (3U),None (most); FEEP (#Flock-3p'),"Solar cells, batteries",~ 1 year (ISS orbit); 2-3 years (SSO),5 kg,2023-001BY
18,Flock-4y 1,90.0,Flock-4y 14 (Dove 24B5),01/03/2023,Falcon-9 v1.2 (Block 5),CC SLC-40,,USA,Technology,Planet Labs,Planet Labs,"PS0, PS1 or PS2 imaging payload",CubeSat (3U),None (most); FEEP (#Flock-3p'),"Solar cells, batteries",~ 1 year (ISS orbit); 2-3 years (SSO),5 kg,2023-001R
18,Flock-4y 1,90.0,Flock-4y 15 (Dove 24B3),01/03/2023,Falcon-9 v1.2 (Block 5),CC SLC-40,,USA,Technology,Planet Labs,Planet Labs,"PS0, PS1 or PS2 imaging payload",CubeSat (3U),None (most); FEEP (#Flock-3p'),"Solar cells, batteries",~ 1 year (ISS orbit); 2-3 years (SSO),5 kg,2023-001BM
18,Flock-4y 1,90.0,Flock-4y 16 (Dove 24C9),01/03/2023,Falcon-9 v1.2 (Block 5),CC SLC-40,,USA,Technology,Planet Labs,Planet Labs,"PS0, PS1 or PS2 imaging payload",CubeSat (3U),None (most); FEEP (#Flock-3p'),"Solar cells, batteries",~ 1 year (ISS orbit); 2-3 years (SSO),5 kg,2023-001AH
18,Flock-4y 1,90.0,Flock-4y 17 (Dove 24C2),01/03/2023,Falcon-9 v1.2 (Block 5),CC SLC-40,,USA,Technology,Planet Labs,Planet Labs,"PS0, PS1 or PS2 imaging payload",CubeSat (3U),None (most); FEEP (#Flock-3p'),"Solar cells, batteries",~ 1 year (ISS orbit); 2-3 years (SSO),5 kg,2023-001Y
18,Flock-4y 1,90.0,Flock-4y 18 (Dove 24CE),01/03/2023,Falcon-9 v1.2 (Block 5),CC SLC-40,,USA,Technology,Planet Labs,Planet Labs,"PS0, PS1 or PS2 imaging payload",CubeSat (3U),None (most); FEEP (#Flock-3p'),"Solar cells, batteries",~ 1 year (ISS orbit); 2-3 years (SSO),5 kg,2023-001Q
18,Flock-4y 1,90.0,Flock-4y 19 (Dove 24A9),01/03/2023,Falcon-9 v1.2 (Block 5),CC SLC-40,,USA,Technology,Planet Labs,Planet Labs,"PS0, PS1 or PS2 imaging payload",CubeSat (3U),None (most); FEEP (#Flock-3p'),"Solar cells, batteries",~ 1 year (ISS orbit); 2-3 years (SSO),5 kg,2023-001T
29,Flock-4y 2,90.0,Flock-4y 20 (Dove 24CA),01/03/2023,Falcon-9 v1.2 (Block 5),CC SLC-40,,USA,Technology,Planet Labs,Planet Labs,"PS0, PS1 or PS2 imaging payload",CubeSat (3U),None (most); FEEP (#Flock-3p'),"Solar cells, batteries",~ 1 year (ISS orbit); 2-3 years (SSO),5 kg,2023-001BG
29,Flock-4y 2,90.0,Flock-4y 21 (Dove 24BA),01/03/2023,Falcon-9 v1.2 (Block 5),CC SLC-40,,USA,Technology,Planet Labs,Planet Labs,"PS0, PS1 or PS2 imaging payload",CubeSat (3U),None (most); FEEP (#Flock-3p'),"Solar cells, batteries",~ 1 year (ISS orbit); 2-3 years (SSO),5 kg,2023-001BW
29,Flock-4y 2,90.0,Flock-4y 22 (Dove 24C1),01/03/2023,Falcon-9 v1.2 (Block 5),CC SLC-40,,USA,Technology,Planet Labs,Planet Labs,"PS0, PS1 or PS2 imaging payload",CubeSat (3U),None (most); FEEP (#Flock-3p'),"Solar cells, batteries",~ 1 year (ISS orbit); 2-3 years (SSO),5 kg,2023-001P
29,Flock-4y 2,90.0,Flock-4y 23 (Dove 24BC),01/03/2023,Falcon-9 v1.2 (Block 5),CC SLC-40,,USA,Technology,Planet Labs,Planet Labs,"PS0, PS1 or PS2 imaging payload",CubeSat (3U),None (most); FEEP (#Flock-3p'),"Solar cells, batteries",~ 1 year (ISS orbit); 2-3 years (SSO),5 kg,2023-001BZ
29,Flock-4y 2,90.0,Flock-4y 24 (Dove 24B9),01/03/2023,Falcon-9 v1.2 (Block 5),CC SLC-40,,USA,Technology,Planet Labs,Planet Labs,"PS0, PS1 or PS2 imaging payload",CubeSat (3U),None (most); FEEP (#Flock-3p'),"Solar cells, batteries",~ 1 year (ISS orbit); 2-3 years (SSO),5 kg,2023-001M
29,Flock-4y 2,90.0,Flock-4y 25 (Dove 24B2),01/03/2023,Falcon-9 v1.2 (Block 5),CC SLC-40,,USA,Technology,Planet Labs,Planet Labs,"PS0, PS1 or PS2 imaging payload",CubeSat (3U),None (most); FEEP (#Flock-3p'),"Solar cells, batteries",~ 1 year (ISS orbit); 2-3 years (SSO),5 kg,2023-001U
29,Flock-4y 2,90.0,Flock-4y 26 (Dove 24C4),01/03/2023,Falcon-9 v1.2 (Block 5),CC SLC-40,,USA,Technology,Planet Labs,Planet Labs,"PS0, PS1 or PS2 imaging payload",CubeSat (3U),None (most); FEEP (#Flock-3p'),"Solar cells, batteries",~ 1 year (ISS orbit); 2-3 years (SSO),5 kg,2023-001BP
29,Flock-4y 2,90.0,Flock-4y 27 (Dove 24C8),01/03/2023,Falcon-9 v1.2 (Block 5),CC SLC-40,,USA,Technology,Planet Labs,Planet Labs,"PS0, PS1 or PS2 imaging payload",CubeSat (3U),None (most); FEEP (#Flock-3p'),"Solar cells, batteries",~ 1 year (ISS orbit); 2-3 years (SSO),5 kg,2023-001CC
29,Flock-4y 2,90.0,Flock-4y 28 (Dove 24B1),01/03/2023,Falcon-9 v1.2 (Block 5),CC SLC-40,,USA,Technology,Planet Labs,Planet Labs,"PS0, PS1 or PS2 imaging payload",CubeSat (3U),None (most); FEEP (#Flock-3p'),"Solar cells, batteries",~ 1 year (ISS orbit); 2-3 years (SSO),5 kg,2023-001AA
29,Flock-4y 2,90.0,Flock-4y 29 (Dove 24BB),01/03/2023,Falcon-9 v1.2 (Block 5),CC SLC-40,,USA,Technology,Planet Labs,Planet Labs,"PS0, PS1 or PS2 imaging payload",CubeSat (3U),None (most); FEEP (#Flock-3p'),"Solar cells, batteries",~ 1 year (ISS orbit); 2-3 years (SSO),5 kg,2023-001X
40,Flock-4y 3,90.0,Flock-4y 30 (Dove 24C0),01/03/2023,Falcon-9 v1.2 (Block 5),CC SLC-40,,USA,Technology,Planet Labs,Planet Labs,"PS0, PS1 or PS2 imaging payload",CubeSat (3U),None (most); FEEP (#Flock-3p'),"Solar cells, batteries",~ 1 year (ISS orbit); 2-3 years (SSO),5 kg,2023-001S
40,Flock-4y 3,90.0,Flock-4y 31 (Dove 24BE),01/03/2023,Falcon-9 v1.2 (Block 5),CC SLC-40,,USA,Technology,Planet Labs,Planet Labs,"PS0, PS1 or PS2 imaging payload",CubeSat (3U),None (most); FEEP (#Flock-3p'),"Solar cells, batteries",~ 1 year (ISS orbit); 2-3 years (SSO),5 kg,2023-001BX
40,Flock-4y 3,90.0,Flock-4y 32 (Dove 24B6),01/03/2023,Falcon-9 v1.2 (Block 5),CC SLC-40,,USA,Technology,Planet Labs,Planet Labs,"PS0, PS1 or PS2 imaging payload",CubeSat (3U),None (most); FEEP (#Flock-3p'),"Solar cells, batteries",~ 1 year (ISS orbit); 2-3 years (SSO),5 kg,2023-001N
40,Flock-4y 3,90.0,Flock-4y 33 (Dove 24BF),01/03/2023,Falcon-9 v1.2 (Block 5),CC SLC-40,,USA,Technology,Planet Labs,Planet Labs,"PS0, PS1 or PS2 imaging payload",CubeSat (3U),None (most); FEEP (#Flock-3p'),"Solar cells, batteries",~ 1 year (ISS orbit); 2-3 years (SSO),5 kg,2023-001AK
40,Flock-4y 3,90.0,Flock-4y 34 (Dove 24CC),01/03/2023,Falcon-9 v1.2 (Block 5),CC SLC-40,,USA,Technology,Planet Labs,Planet Labs,"PS0, PS1 or PS2 imaging payload",CubeSat (3U),None (most); FEEP (#Flock-3p'),"Solar cells, batteries",~ 1 year (ISS orbit); 2-3 years (SSO),5 kg,2023-001CB
40,Flock-4y 3,90.0,Flock-4y 35 (Dove 24C5),01/03/2023,Falcon-9 v1.2 (Block 5),CC SLC-40,,USA,Technology,Planet Labs,Planet Labs,"PS0, PS1 or PS2 imaging payload",CubeSat (3U),None (most); FEEP (#Flock-3p'),"Solar cells, batteries",~ 1 year (ISS orbit); 2-3 years (SSO),5 kg,2023-001BA
40,Flock-4y 3,90.0,Flock-4y 36 (Dove 24D0),01/03/2023,Falcon-9 v1.2 (Block 5),CC SLC-40,,USA,Technology,Planet Labs,Planet Labs,"PS0, PS1 or PS2 imaging payload",CubeSat (3U),None (most); FEEP (#Flock-3p'),"Solar cells, batteries",~ 1 year (ISS orbit); 2-3 years (SSO),5 kg,2023-001BU
69,Lemur-2 157,90.0,Lemur-2 157 (Lemur-2 Disclaimer),01/03/2023,Falcon-9 v1.2 (Block 5),CC SLC-40,,USA,"Earth observation, traffic monitoring",Spire,Spire,"STRATOS (GPS radio occultation payload), SENSE (AIS-receiver), AirSafe (ASD-B payload, #78 and later)",CubeSat (3U),None,"Solar cells, batteries",,4 kg,2023-001F
70,Lemur-2 158,90.0,Lemur-2 158 (Lemur-2 Emmaculate),01/03/2023,Falcon-9 v1.2 (Block 5),CC SLC-40,,USA,"Earth observation, traffic monitoring",Spire,Spire,"STRATOS (GPS radio occultation payload), SENSE (AIS-receiver), AirSafe (ASD-B payload, #78 and later)",CubeSat (3U),None,"Solar cells, batteries",,4 kg,2023-001AE
71,Lemur-2 159,90.0,Lemur-2 159 (Lemur-2 FuenteTaja-01),01/03/2023,Falcon-9 v1.2 (Block 5),CC SLC-40,,USA,"Earth observation, traffic monitoring",Spire,Spire,"STRATOS (GPS radio occultation payload), SENSE (AIS-receiver), AirSafe (ASD-B payload, #78 and later)",CubeSat (3U),None,"Solar cells, batteries",,4 kg,2023-001CH
72,Lemur-2 160,90.0,Lemur-2 160 (Lemur-2 MMolo),01/03/2023,Falcon-9 v1.2 (Block 5),CC SLC-40,,USA,"Earth observation, traffic monitoring",Spire,Spire,"STRATOS (GPS radio occultation payload), SENSE (AIS-receiver), AirSafe (ASD-B payload, #78 and later)",CubeSat (3U),None,"Solar cells, batteries",,4 kg,2023-001AF
73,Lemur-2 161,90.0,Lemur-2 161 (Lemur-2 PhilAri),01/03/2023,Falcon-9 v1.2 (Block 5),CC SLC-40,,USA,"Earth observation, traffic monitoring",Spire,Spire,"STRATOS (GPS radio occultation payload), SENSE (AIS-receiver), AirSafe (ASD-B payload, #78 and later)",CubeSat (3U),None,"Solar cells, batteries",,4 kg,2023-001E
74,Lemur-2 162,90.0,Lemur-2 162 (Lemur-2 SteveAlbers),01/03/2023,Falcon-9 v1.2 (Block 5),CC SLC-40,,USA,"Earth observation, traffic monitoring",Spire,Spire,"STRATOS (GPS radio occultation payload), SENSE (AIS-receiver), AirSafe (ASD-B payload, #78 and later)",CubeSat (3U),None,"Solar cells, batteries",,4 kg,2023-001J
120,SpaceBEE 167,92.0,SpaceBEE 156,01/03/2023,Falcon-9 v1.2 (Block 5),CC SLC-40,,USA,Communication M2M/IoT,Swarm Technologies,Swarm Technologies,,CubeSat (0.25U),None,"Solar cells, batteries",,0.25 kg,2023-001CU
120,SpaceBEE 167,92.0,SpaceBEE 157,01/03/2023,Falcon-9 v1.2 (Block 5),CC SLC-40,,USA,Communication M2M/IoT,Swarm Technologies,Swarm Technologies,,CubeSat (0.25U),None,"Solar cells, batteries",,0.25 kg,2023-001CX
111,SpaceBEE 158_x000D_,90.0,SpaceBEE 158,01/03/2023,Falcon-9 v1.2 (Block 5),CC SLC-40,,USA,Communication M2M/IoT,Swarm Technologies,Swarm Technologies,,CubeSat (0.25U),None,"Solar cells, batteries",,0.25 kg,2023-001CV
112,SpaceBEE 159_x000D_,90.0,SpaceBEE 159,01/03/2023,Falcon-9 v1.2 (Block 5),CC SLC-40,,USA,Communication M2M/IoT,Swarm Technologies,Swarm Technologies,,CubeSat (0.25U),None,"Solar cells, batteries",,0.25 kg,2023-001CW
120,SpaceBEE 167,92.0,SpaceBEE 160,01/03/2023,Falcon-9 v1.2 (Block 5),CC SLC-40,,USA,Communication M2M/IoT,Swarm Technologies,Swarm Technologies,,CubeSat (0.25U),None,"Solar cells, batteries",,0.25 kg,2023-001CS
120,SpaceBEE 167,92.0,SpaceBEE 161,01/03/2023,Falcon-9 v1.2 (Block 5),CC SLC-40,,USA,Communication M2M/IoT,Swarm Technologies,Swarm Technologies,,CubeSat (0.25U),None,"Solar cells, batteries",,0.25 kg,2023-001CR
120,SpaceBEE 167,92.0,SpaceBEE 162,01/03/2023,Falcon-9 v1.2 (Block 5),CC SLC-40,,USA,Communication M2M/IoT,Swarm Technologies,Swarm Technologies,,CubeSat (0.25U),None,"Solar cells, batteries",,0.25 kg,2023-001CQ
120,SpaceBEE 167,92.0,SpaceBEE 163,01/03/2023,Falcon-9 v1.2 (Block 5),CC SLC-40,,USA,Communication M2M/IoT,Swarm Technologies,Swarm Technologies,,CubeSat (0.25U),None,"Solar cells, batteries",,0.25 kg,2023-001CJ
120,SpaceBEE 167,92.0,SpaceBEE 164,01/03/2023,Falcon-9 v1.2 (Block 5),CC SLC-40,,USA,Communication M2M/IoT,Swarm Technologies,Swarm Technologies,,CubeSat (0.25U),None,"Solar cells, batteries",,0.25 kg,2023-001CL
120,SpaceBEE 167,92.0,SpaceBEE 165,01/03/2023,Falcon-9 v1.2 (Block 5),CC SLC-40,,USA,Communication M2M/IoT,Swarm Technologies,Swarm Technologies,,CubeSat (0.25U),None,"Solar cells, batteries",,0.25 kg,2023-001CP
120,SpaceBEE 167,92.0,SpaceBEE 166,01/03/2023,Falcon-9 v1.2 (Block 5),CC SLC-40,,USA,Communication M2M/IoT,Swarm Technologies,Swarm Technologies,,CubeSat (0.25U),None,"Solar cells, batteries",,0.25 kg,2023-001CM
120,SpaceBEE 167,100.0,SpaceBEE 167,01/03/2023,Falcon-9 v1.2 (Block 5),CC SLC-40,,USA,Communication M2M/IoT,Swarm Technologies,Swarm Technologies,,CubeSat (0.25U),None,"Solar cells, batteries",,0.25 kg,2023-001CG
16,EWS RROCI_x000D_,90.0,EWS RROCI,01/03/2023,Falcon-9 v1.2 (Block 5),CC SLC-40,,USA,Meteorology,USSF Space Systems Command (SMC),"Orion Space Solutions (OSS) (formerly Astra LLC), Lockheed Martin, Science and Technology Corporation, Pumpkin, Inc., Atmospheric & Environmental Research (AER)",RROCI imager,CubeSat (12U),?,"2 deployable solar arrays, solar cells, batteries",,,2023-001
9,BRO 8_x000D_,90.0,BRO 8,01/03/2023,Falcon-9 v1.2 (Block 5),CC SLC-40,,France,"RF spectrum monitoring, SIGINT, Traffic monitoring",UnseenLabs,UnseenLabs (payload); GOMSpace (bus),,CubeSat (6U),,"Solar cells, batteries",,6 kg,2023-001C
5805,Fleet 12,100.0,Gama Alpha,01/03/2023,Falcon-9 v1.2 (Block 5),CC SLC-40,,France,Technology,Gama,Gama,Deployable solar sail,CubeSat (6U),,"Solar cells, batteries",,,2023-001CD
79,Menut,90.0,Menut (GENEO),01/03/2023,Falcon-9 v1.2 (Block 5),CC SLC-40,,"Spain, U.K.",Technology,Open Cosmos,Open Cosmos,,CubeSat (6U),None,"Solar cells, batteries",,,2023-001B
80,MilSpace2 1,90.0,MilSpace2 1 (Birkeland),01/03/2023,Falcon-9 v1.2 (Block 5),CC SLC-40,,"Norway, Netherlands",Technology,"Norwegian Defence Research Establishment (FFI), Royal Netherlands Aerospace Centre (NLR), Netherlands Organisation for Applied Scientific Research (TNO)",NanoAvionics,,CubeSat (6U),None,"Solar cells, batteries",,10 kg,2023-001G
81,MilSpace2 2,90.0,MilSpace2 2 (Huygens),01/03/2023,Falcon-9 v1.2 (Block 5),CC SLC-40,,"Norway, Netherlands",Technology,"Norwegian Defence Research Establishment (FFI), Royal Netherlands Aerospace Centre (NLR), Netherlands Organisation for Applied Scientific Research (TNO)",NanoAvionics,,CubeSat (6U),None,"Solar cells, batteries",,10 kg,2023-001CN
10037,NorthStar Hyperspectral 28,90.0,NSLSat 2 (BeetleSat 1),01/03/2023,Falcon-9 v1.2 (Block 5),CC SLC-40,,Israel,Technology,NSLComm → BeetleSat,ÅAC Clyde Space,,CubeSat (6U),,"Solar cells, batteries",,9 kg,2023-001BL
90,Platform 2,90.0,Platform 2 (SharedSat 2211),01/03/2023,Falcon-9 v1.2 (Block 5),CC SLC-40,,Bulgaria,Technology,EnduroSat,EnduroSat,,CubeSat (6U),,"Solar cells, batteries",,,2023-001
121,STAR-VIBE_x000D_,90.0,STAR-VIBE,01/03/2023,Falcon-9 v1.2 (Block 5),CC SLC-40,,Poland,"Technology, earth observation",Scanway Space,Scanway Space; German Orbital Systems (bus),,CubeSat (6U),None,"Solar cells, batteries",,,2023-001A
122,Sternula 1_x000D_,90.0,Sternula 1,01/03/2023,Falcon-9 v1.2 (Block 5),CC SLC-40,,Denmark,"Technology, traffic monitoring, communications",Sternula,Space Inventor A/S,"AIS 2.0 receiver, VDES payload",CubeSat (6U),None,"Solar cells, batteries",,,2023-001AX
17,EYE 1,90.0,EYE 1 (Star Sphere 1),01/03/2023,Falcon-9 v1.2 (Block 5),CC SLC-40,,Japan,Earth observation,Sony,University of Tokyo,,CubeSat (6U),Water thruster,"Solar cells, batteries",?,,2023-001BR
13,Connecta T1,90.0,Connecta T1.2,01/03/2023,Falcon-9 v1.2 (Block 5),CC SLC-40,,Turkey,"Technology, communication",Plan-S,),,CubeSat (3U),None,"Solar cells, batteries",,,2023-001D
58,Guardian alpha_x000D_,90.0,Guardian alpha,01/03/2023,Falcon-9 v1.2 (Block 5),CC SLC-40,,U.K.,Technology,OrbAstro,OrbAstro,,CubeSat (3U),2 × FEEP,"Solar cells, batteries",,,2023-001
91,PolyITAN-HP-30,90.0,PolyITAN-HP-30 (QBUA01),01/03/2023,Falcon-9 v1.2 (Block 5),CC SLC-40,,Ukraine,Technology,National Technical University of Ukraine  KPI,National Technical University of Ukraine  KPI,,CubeSat (2U),None,"Solar cells, batteries",,2 kg,2023-001
68,KuwaitSat 1_x000D_,90.0,KuwaitSat 1,01/03/2023,Falcon-9 v1.2 (Block 5),CC SLC-40,,Kuwait,Technology,Kuwait University,Kuwait University,,CubeSat (2U),None,"Solar cells, batteries",,2 kg,2023-001CY
8,BDSAT 2_x000D_,90.0,BDSAT 2,01/03/2023,Falcon-9 v1.2 (Block 5),CC SLC-40,,Czech Republic,Technology,"BD Sensors, Central European Institute of Technology (CEITEC)","BD Sensors, Central European Institute of Technology (CEITEC)",,CubeSat (1U),None,"Solar cells, batteries",,1 kg,2023-001CT
96,Pushan alpha,100.0,Pushan alpha,01/03/2023,Falcon-9 v1.2 (Block 5),CC SLC-40,,India,Technology,Digantara,Digantara,,CubeSat (3U),None,"Solar cells, batteries",,,2023-001
,,,PROVES-Yearling,01/03/2023,Falcon-9 v1.2 (Block 5),CC SLC-40,,USA,Technology,Cal Poly Pomonas Bronco Space,Cal Poly Pomonas Bronco Space,,CubeSat (1U),None,"Solar cells, batteries",,1.75 kg,2023-001
